название,цена,ссылка
"Люстра Ливсден Brown
16 790руб.
20 990руб.
20","16 790руб.
20 990руб.
20",https://www.divan.ru/chelyabinsk/product/lyustra-livsden-brown
"Подвесной светильник Ливсден Brown
4190руб.
6920руб.
39","4190руб.
6920руб.
39",https://www.divan.ru/chelyabinsk/product/podvesnoj-svetilnik-livsden-brown
"Настольная лампа Ливсден Brown
7340руб.
11 120руб.
33","7340руб.
11 120руб.
33",https://www.divan.ru/chelyabinsk/product/nastolnaya-lampa-livsden-brown
"Торшер Ливсден Brown
12 590руб.",12 590руб.,https://www.divan.ru/chelyabinsk/product/torsher-livsden-brown
"Бра Флиммер Black
1780руб.",1780руб.,https://www.divan.ru/chelyabinsk/product/bra-flimmer-black
"Люстра Флиммер Black
8390руб.",8390руб.,https://www.divan.ru/chelyabinsk/product/lyustra-flimmer-black
"Подвесной светильник Флиммер Black
1990руб.",1990руб.,https://www.divan.ru/chelyabinsk/product/podvesnoj-svetilnik-flimmer-black
"Настольная лампа Флиммер Black
3140руб.",3140руб.,https://www.divan.ru/chelyabinsk/product/nastolnaya-lampa-flimmer-black
"Торшер Флиммер Black
4190руб.
7340руб.
42","4190руб.
7340руб.
42",https://www.divan.ru/chelyabinsk/product/torsher-flimmer-black
"Торшер Нидлс Khaki
15 740руб.",15 740руб.,https://www.divan.ru/chelyabinsk/product/torsher-nidls-khaki
"Настольная лампа Нидлс Raffia Beige
3880руб.
6500руб.
40","3880руб.
6500руб.
40",https://www.divan.ru/chelyabinsk/product/nastolnaya-lampa-nidls-raffia-beige
"Люстра Гейза Black
10 490руб.",10 490руб.,https://www.divan.ru/chelyabinsk/product/lyustra-gejza-black
"Настольная лампа Гейза Black
4190руб.",4190руб.,https://www.divan.ru/chelyabinsk/product/nastolnaya-lampa-gejza-black
"Настольная лампа Гейза Pink
4190руб.",4190руб.,https://www.divan.ru/chelyabinsk/product/nastolnaya-lampa-gejza-pink
"Настольная лампа Гейза Blue
4190руб.",4190руб.,https://www.divan.ru/chelyabinsk/product/nastolnaya-lampa-gejza-blue
"Настольная лампа Гейза Orange
4190руб.",4190руб.,https://www.divan.ru/chelyabinsk/product/nastolnaya-lampa-gejza-orange
"Настольная лампа Алней Black
4190руб.",4190руб.,https://www.divan.ru/chelyabinsk/product/nastolnaya-lampa-alnej-black
"Настольная лампа Алней Beige
4190руб.",4190руб.,https://www.divan.ru/chelyabinsk/product/nastolnaya-lampa-alnej-beige
"Настольная лампа Алней Green
4190руб.",4190руб.,https://www.divan.ru/chelyabinsk/product/nastolnaya-lampa-alnej-green
"Настольная лампа Алней Orange
3770руб.
5870руб.
35","3770руб.
5870руб.
35",https://www.divan.ru/chelyabinsk/product/nastolnaya-lampa-alnej-orange
"Торшер Алней Green
8390руб.",8390руб.,https://www.divan.ru/chelyabinsk/product/torsher-alnej-green
"Торшер Алней Black
6290руб.
9440руб.
33","6290руб.
9440руб.
33",https://www.divan.ru/chelyabinsk/product/torsher-alnej-black
"Торшер Алней Orange
8390руб.",8390руб.,https://www.divan.ru/chelyabinsk/product/torsher-alnej-orange
"Торшер Алней Beige
8390руб.",8390руб.,https://www.divan.ru/chelyabinsk/product/torsher-alnej-beige
"Настольная лампа Арбет Orange
2510руб.",2510руб.,https://www.divan.ru/chelyabinsk/product/nastolnaya-lampa-arbet-orange
"Настольная лампа Арбет Silver
3140руб.
4190руб.
25","3140руб.
4190руб.
25",https://www.divan.ru/chelyabinsk/product/nastolnaya-lampa-arbet-silver
"Настольная лампа Арбет Beige
2510руб.",2510руб.,https://www.divan.ru/chelyabinsk/product/nastolnaya-lampa-arbet-beige
"Настольная лампа Арбет White
2510руб.",2510руб.,https://www.divan.ru/chelyabinsk/product/nastolnaya-lampa-arbet-white
"Настольная лампа Арбет Black
2090руб.
4820руб.
56","2090руб.
4820руб.
56",https://www.divan.ru/chelyabinsk/product/nastolnaya-lampa-arbet-black
"Настольная лампа Синдри Grey
4190руб.
5240руб.
20","4190руб.
5240руб.
20",https://www.divan.ru/chelyabinsk/product/nastolnaya-lampa-sindri-grey
"Люстра Синдри Black
14 690руб.",14 690руб.,https://www.divan.ru/chelyabinsk/product/lyustra-sindri-black
"Настольная лампа Манэт White
2090руб.
3770руб.
44","2090руб.
3770руб.
44",https://www.divan.ru/chelyabinsk/product/nastolnaya-lampa-manet-white
"Настольная лампа Леррет Beige
4190руб.",4190руб.,https://www.divan.ru/chelyabinsk/product/nastolnaya-lampa-lerret-beige
"Настольная лампа Леррет White
2410руб.
4820руб.
50","2410руб.
4820руб.
50",https://www.divan.ru/chelyabinsk/product/nastolnaya-lampa-lerret-white
"Настольная лампа Истад Black
1780руб.",1780руб.,https://www.divan.ru/chelyabinsk/product/nastolnaya-lampa-istad-black
"Настольная лампа Истад White
1780руб.",1780руб.,https://www.divan.ru/chelyabinsk/product/nastolnaya-lampa-istad-white
"Люстра Боллар White
24 140руб.",24 140руб.,https://www.divan.ru/chelyabinsk/product/lyustra-bollar-white
"Настольная лампа Рибе Black
1990руб.",1990руб.,https://www.divan.ru/chelyabinsk/product/nastolnaya-lampa-ribe-black
"Настольная лампа Рибе Orange
1990руб.",1990руб.,https://www.divan.ru/chelyabinsk/product/nastolnaya-lampa-ribe-orange
"Настольная лампа Снибальд White
830руб.",830руб.,https://www.divan.ru/chelyabinsk/product/nastolnaya-lampa-snibald-white
"Настольная лампа Спайк Pink
1460руб.",1460руб.,https://www.divan.ru/chelyabinsk/product/nastolnaya-lampa-spajk-pink
,,https://www.divan.ru/chelyabinsk/product/nastolnaya-lampa-spajk-white
,,https://www.divan.ru/chelyabinsk/product/nastolnaya-lampa-astri-black
,,https://www.divan.ru/chelyabinsk/product/nastolnaya-lampa-astri-beige
,,https://www.divan.ru/chelyabinsk/product/nastolnaya-lampa-spajk-green
,,https://www.divan.ru/chelyabinsk/product/podvesnoj-svetilnik-klaud-white
,,https://www.divan.ru/chelyabinsk/product/torsher-klaud-white
,,https://www.divan.ru/chelyabinsk/product/nastolnaya-lampa-klaud-white
